"name","region","totalSum","theoretical","practical","development","services","workers","scientists","womenScientists","t25","f25t29","f30t34","f35t39","f40t44","f45t49","f50t54","f55t59","f60t64","f65t69","f70","group","menScientists","theorandpract","young","old"
"ІНСТИТУТ МАТЕМАТИКИ НАЦІОНАЛЬНОЇ АКАДЕМІЇ НАУК УКРАЇНИ","Киев",21401,21401,0,0,0,234,186,54,0,31,28,21,22,12,16,14,8,15,19,"природничі науки",132,21401,114,72
"ІНСТИТУТ ПРИКЛАДНОЇ МАТЕМАТИКИ І МЕХАНІКИ НАЦІОНАЛЬНОЇ АКАДЕМІЇ НАУК УКРАЇНИ","Донецк (эвакуант)",1170,1170,0,0,0,14,10,3,0,1,2,1,1,0,0,0,2,2,1,"природничі науки",7,1170,5,5
"МІЖНАРОДНИЙ МАТЕМАТИЧНИЙ ЦЕНТР ІМЕНІ Ю.О.МИТРОПОЛЬСЬКОГО НАН УКРАЇНИ","Киев",644.7,644.7,0,0,0,6,3,0,0,1,0,0,0,0,1,0,0,0,1,"природничі науки",3,644.7,1,2
"ІНСТИТУТ ПРИКЛАДНИХ ПРОБЛЕМ МЕХАНІКИ І МАТЕМАТИКИ ІМ.Я.С.ПІДСТРИГАЧА НАЦІОНАЛЬНОЇ АКАДЕМІЇ НАУК УКРАЇНИ","Львов",14462.5,11799,1892.3,771.2,0,212,164,48,0,15,26,16,17,8,17,23,24,8,10,"природничі науки",116,13691.3,82,82
"ІНСТИТУТ ПРОБЛЕМ МІЦНОСТІ ІМЕНІ Г.С. ПИСАРЕНКА НАЦІОНАЛЬНОЇ АКАДЕМІЇ НАУК УКРАЇНИ","Киев",20135.9,14353.7,3632.3,2149.9,0,280,141,29,0,12,15,13,6,8,4,15,15,20,33,"природничі науки",112,17986,54,87
"ІНСТИТУТ ТЕХНІЧНОЇ МЕХАНІКИ НАЦІОНАЛЬНОЇ АКАДЕМІЇ НАУК УКРАЇНИ І ДЕРЖАВНОГО КОСМІЧНОГО АГЕНТСТВА УКРАЇНИ","Днепр",20933.3,15877,4316.4,736.1,3.8,280,137,46,0,6,10,8,6,6,10,25,21,22,23,"природничі науки",91,20193.4,36,101
"ІНСТИТУТ МЕХАНІКИ ІМ.С.П.ТИМОШЕНКА НАЦІОНАЛЬНОЇ АКАДЕМІЇ НАУК УКРАЇНИ","Киев",16151.7,14308.8,1692.9,150,0,228,145,61,2,3,10,11,10,7,10,11,16,18,47,"природничі науки",84,16001.7,43,102
"ІНСТИТУТ ГІДРОМЕХАНІКИ НАЦІОНАЛЬНОЇ АКАДЕМІЇ НАУК УКРАЇНИ","Киев",13299.8,10756.9,1416,1126.9,0,209,155,59,2,6,10,7,5,10,6,31,18,26,34,"природничі науки",96,12172.9,40,115
"ПОЛТАВСЬКА ГРАВІМЕТРИЧНА ОБСЕРВАТОРІЯ ІНСТИТУТУ ГЕОФІЗИКИ ІМ.С.І.СУББОТІНА НАЦІОНАЛЬНОЇ АКАДЕМІЇ НАУК УКРАЇНИ","Полтава",2621.1,2621.1,0,0,0,54,17,1,0,1,0,1,0,1,3,1,1,1,8,"природничі науки",16,2621.1,3,14
"ГОЛОВНА АСТРОНОМІЧНА ОБСЕРВАТОРІЯ НАЦІОНАЛЬНОЇ АКАДЕМІЇ НАУК УКРАЇНИ","Киев",12239.3,11493.3,746,0,0,169,99,40,0,8,8,8,9,3,7,9,21,16,10,"природничі науки",59,12239.3,36,63
"РАДІОАСТРОНОМІЧНИЙ ІНСТИТУТ НАЦІОНАЛЬНОЇ АКАДЕМІЇ НАУК УКРАЇНИ","Харьков",23678.3,13645.4,6868.9,3164,0,297,170,37,3,13,14,15,16,13,17,23,28,17,11,"природничі науки",133,20514.3,74,96
"ФІЗИКО-ТЕХНІЧНИЙ НАВЧАЛЬНО-НАУКОВИЙ ЦЕНТР НАЦІОНАЛЬНОЇ АКАДЕМІЇ НАУК УКРАЇНИ","Киев",704.3,0,704.3,0,0,7,7,2,0,0,0,0,0,0,0,1,1,3,2,"природничі науки",5,704.3,0,7
"ІНСТИТУТ ФІЗИКИ НАПІВПРОВІДНИКІВ ІМЕНІ В.Ї.ЛАШКАРЬОВА НАЦІОНАЛЬНОЇ АКАДЕМІЇ НАУК УКРАЇНИ","Киев",63517.8,31399.8,17106.9,15011.1,0,706,471,161,1,38,47,42,35,22,36,59,58,51,82,"природничі науки",310,48506.7,185,286
"ІНСТИТУТ ПРИКЛАДНОЇ ФІЗИКИ НАЦІОНАЛЬНОЇ АКАДЕМІЇ НАУК УКРАЇНИ","Сумы",11584.4,7658.2,3923.2,0,3,202,123,15,0,19,20,8,18,4,11,18,7,8,10,"природничі науки",108,11581.4,69,54
"ІНСТИТУТ ФІЗИКИ КОНДЕНСОВАНИХ СИСТЕМ НАЦІОНАЛЬНОЇ АКАДЕМІЇ НАУК УКРАЇНИ","Львов",5743.4,5531.4,180,0,32,78,62,12,0,5,14,9,6,1,7,11,5,1,3,"природничі науки",50,5711.4,35,27
"ІНСТИТУТ ЕЛЕКТРОФІЗИКИ І РАДІАЦІЙНИХ ТЕХНОЛОГІЙ НАЦІОНАЛЬНОЇ АКАДЕМІЇ НАУК УКРАЇНИ","Харьков",2439.5,2066.5,373,0,0,40,33,1,2,3,5,3,1,4,4,3,3,3,2,"природничі науки",32,2439.5,18,15
"ІНСТИТУТ ТЕОРЕТИЧНОЇ ФІЗИКИ ІМ. М.М. БОГОЛЮБОВА НАЦІОНАЛЬНОЇ АКАДЕМІЇ НАУК УКРАЇНИ","Киев",16187.6,15537.2,650.4,0,0,207,115,19,0,12,15,10,3,7,7,12,12,22,15,"природничі науки",96,16187.6,47,68
"ІНСТИТУТ РАДІОФІЗИКИ ТА ЕЛЕКТРОНІКИ ІМ. О.Я. УСИКОВА НАЦІОНАЛЬНОЇ АКАДЕМІЇ НАУК УКРАЇНИ","Харьков",37008.1,26937.9,6817,3241.2,12,569,333,85,17,31,29,27,18,18,29,34,35,50,45,"природничі науки",248,33754.9,140,193
"ІНСТИТУТ ЕЛЕКТРОННОЇ ФІЗИКИ НАЦІОНАЛЬНОЇ АКАДЕМІЇ НАУК УКРАЇНИ","Закарпатье",5527.8,5527.8,0,0,0,94,65,15,0,8,5,1,0,2,7,9,12,12,9,"природничі науки",50,5527.8,16,49
"ІНСТИТУТ ФІЗИКИ НАЦІОНАЛЬНОЇ АКАДЕМІЇ НАУК УКРАЇНИ","Киев",36070.9,32141.8,3929.1,0,0,444,315,78,10,40,23,28,15,14,27,35,31,32,60,"природничі науки",237,36070.9,130,185
"МІЖНАРОДНИЙ ЦЕНТР ""ІНСТИТУТ ПРИКЛАДНОЇ ОПТИКИ"" НАЦІОНАЛЬНОЇ АКАДЕМІЇ НАУК УКРАЇНИ","Киев",1430,989,367.5,70,3.5,24,20,4,0,4,1,1,2,1,2,3,1,2,3,"природничі науки",16,1356.5,9,11
"УЖГОРОДСЬКИЙ НАУКОВО-ТЕХНОЛОГІЧНИЙ ЦЕНТР МАТЕРІАЛІВ ОПТИЧНИХ НОСІЇВ ІНФОРМАЦІЇ ІНСТИТУТУ ПРОБЛЕМ РЕЇСТРАЦІЇ ІНФОРМАЦІЇ НАЦІОНАЛЬНОЇ АКАДЕМІЇ НАУК УКРАЇНИ","Закарпатье",987.6,802.8,145.5,0,39.3,20,16,5,0,0,1,1,1,1,1,4,2,4,1,"природничі науки",11,948.3,4,12
"НАЦІОНАЛЬНИЙ НАУКОВИЙ ЦЕНТР ""ХАРКІВСЬКИЙ ФІЗИКО-ТЕХНІЧНИЙ ІНСТИТУТ""","Харьков",185436.8,141639.9,10123.3,15577.1,18096.5,2310,1049,202,30,85,87,83,55,30,66,119,115,141,238,"природничі науки",847,151763.2,370,679
"ТЕХНІЧНИЙ ЦЕНТР НАЦІОНАЛЬНОЇ АКАДЕМІЇ НАУК УКРАЇНИ","Киев",9421.2,5953.4,3467.8,0,0,59,44,18,0,0,2,5,7,2,8,6,7,5,2,"природничі науки",26,9421.2,16,28
"ІНСТИТУТ МЕТАЛОФІЗИКИ ІМ.Г.В.КУРДЮМОВА НАЦІОНАЛЬНОЇ АКАДЕМІЇ НАУК УКРАЇНИ","Киев",34177.3,27123.8,5900.6,1152.9,0,500,300,79,0,36,42,32,13,8,20,21,27,41,60,"природничі науки",221,33024.4,131,169
"НАВЧАЛЬНО-НАУКОВИЙ ЦЕНТР ""ФІЗИКО-ХІМІЧНЕ МАТЕРІАЛОЗНАВСТВО"" КИІВСЬКОГО УНІВЕРСИТЕТУ ІМЕНІ ТАРАСА ШЕВЧЕНКА ТА НАЦІОНАЛЬНОЇ АКАДЕМІЇ НАУК УКРАЇНИ","Киев",683.8,341,342.8,0,0,8,7,2,0,0,1,1,0,1,1,1,0,1,1,"природничі науки",5,683.8,3,4
"ДЕРЖАВНА УСТАНОВА ""ВІДДІЛЕННЯ ГІДРОАКУСТИКИ ІНСТИТУТУ ГЕОФІЗИКИ ІМ. С.І.СУББОТІНА НАН УКРАЇНИ""","Одесса",4882.4,4070.6,811.8,0,0,64,31,12,2,3,3,1,0,2,1,6,3,6,4,"природничі науки",19,4882.4,11,20
"ФІЗИКО-ТЕХНІЧНИЙ ІНСТИТУТ НИЗЬКИХ ТЕМПЕРАТУР ІМ. Б. І. ВЄРКІНА НАЦІОНАЛЬНОЇ АКАДЕМІЇ НАУК УКРАЇНИ","Харьков",34577.6,29785.2,4742.4,50,0,548,266,69,0,25,22,22,13,14,22,26,39,37,46,"природничі науки",197,34527.6,96,170
"ІНСТИТУТ МАГНЕТИЗМУ НАЦІОНАЛЬНОЇ АКАДЕМІЇ НАУК УКРАЇНИ ТА МІНІСТЕРСТВА ОСВІТИ І НАУКИ УКРАЇНИ","Киев",7493.7,5933.5,1560.2,0,0,86,53,14,0,5,4,6,2,7,6,6,7,5,5,"природничі науки",39,7493.7,24,29
"ФІЗИКО-ТЕХНОЛОГІЧНИЙ ІНСТИТУТ МЕТАЛІВ ТА СПЛАВІВ НАЦІОНАЛЬНОЇ АКАДЕМІЇ НАУК УКРАЇНИ","Киев",26100,16430,3958,5712,0,453,312,94,10,18,27,19,16,24,24,25,32,39,78,"природничі науки",218,20388,114,198
"ЧЕРНІВЕЦЬКЕ ВІДДІЛЕННЯ ІНСТИТУТУ ПРОБЛЕМ МАТЕРІАЛОЗНАВСТВА ІМЕНІ І.М.ФРАНЦЕВИЧА НАЦІОНАЛЬНОЇ АКАДЕМІЇ НАУК УКРАЇНИ","Черновцы",1328,644,644,40,0,29,21,3,0,1,0,3,1,2,1,6,2,3,2,"природничі науки",18,1288,7,14
"ІНСТИТУТ ХІМІЇ ПОВЕРХНІ ІМ. О.О.ЧУЙКА НАН УКРАЇНИ","Киев",18145.9,15489.8,2656.1,0,0,243,153,93,0,11,30,28,16,3,7,11,21,15,11,"природничі науки",60,18145.9,88,65
"ІНСТИТУТ ПРОБЛЕМ МАТЕМАТИЧНИХ МАШИН І СИСТЕМ НАЦІОНАЛЬНОЇ АКАДЕМІЇ НАУК УКРАЇНИ","Киев",12636.5,8183.7,2049.7,2063.9,339.2,214,136,42,0,4,13,9,14,8,7,13,20,25,23,"природничі науки",94,10233.4,48,88
"МІЖНАРОДНИЙ НАУКОВО-НАВЧАЛЬНИЙ ЦЕНТР ІНФОРМАЦІЙНИХ ТЕХНОЛОГІЙ ТА СИСТЕМ НАН ТА МОН УКРАЇНИ","Киев",22763.3,14658.7,5239.3,2865.3,0,356,237,98,14,17,16,10,20,20,32,32,28,30,18,"природничі науки",139,19898,97,140
"ЦЕНТР МАТЕМАТИЧНОГО МОДЕЛЮВАННЯ ІНСТИТУТУ ПРИКЛАДНИХ ПРОБЛЕМ МЕХАНІКИ І МАТЕМАТИКИ ІМ.Я.С. ПІДСТРИГАЧА НАН УКРАЇНИ","Львов",1867,580,1287,0,0,39,24,12,1,2,2,1,2,0,4,3,4,4,1,"природничі науки",12,1867,8,16
"ІНСТИТУТ ПРОБЛЕМ МОДЕЛЮВАННЯ В ЕНЕРГЕТИЦІ ІМ.Г.Ї.ПУХОВА НАЦІОНАЛЬНОЇ АКАДЕМІЇ НАУК УКРАЇНИ","Киев",7796.2,6434,1195.3,166.9,0,100,48,16,0,2,4,2,2,1,3,8,7,4,15,"природничі науки",32,7629.3,11,37
"ІНСТИТУТ КІБЕРНЕТИКИ ІМЕНІ В.М.ГЛУШКОВА НАЦІОНАЛЬНОЇ АКАДЕМІЇ НАУК УКРАЇНИ","Киев",63183,49802.1,12860.1,520.8,0,689,508,214,4,46,46,54,25,25,45,63,64,55,81,"природничі науки",294,62662.2,200,308
"ІНСТИТУТ ПРОГРАМНИХ СИСТЕМ НАЦІОНАЛЬНОЇ АКАДЕМІЇ НАУК УКРАЇНИ","Киев",9430.6,5070.3,2423,988.2,949.1,135,87,33,2,10,10,9,4,6,3,13,14,8,8,"природничі науки",54,7493.3,41,46
"ІНСТИТУТ ІНФОРМАТИКИ І УПРАВЛІННЯ","Харьков",138.3,0,0,138.3,0,1,1,1,0,0,0,0,0,0,1,0,0,0,0,"природничі науки",0,0,0,1
"ІНСТИТУТ ТЕЛЕКОМУНІКАЦІЙ І ГЛОБАЛЬНОГО ІНФОРМАЦІЙНОГО ПРОСТОРУ НАЦІОНАЛЬНОЇ АКАДЕМІЇ НАУК УКРАЇНИ","Киев",11936.3,105,11531.3,0,300,87,60,23,1,5,10,9,9,2,2,7,8,4,3,"природничі науки",37,11636.3,36,24
"ІНСТИТУТ ЗАГАЛЬНОЇ ТА НЕОРГАНІЧНОЇ ХІМІЇ ІМ. В.І.ВЕРНАДСЬКОГО НАЦІОНАЛЬНОЇ АКАДЕМІЇ НАУК УКРАЇНИ","Киев",17607.5,12061.5,2934.4,0,2611.6,211,155,77,1,22,17,12,16,8,12,15,9,14,29,"природничі науки",78,14995.9,76,79
"ФІЗИКО-ХІМІЧНИЙ ІНСТИТУТ ІМ. О.В. БОГАТСЬКОГО НАЦІОНАЛЬНОЇ АКАДЕМІЇ НАУК УКРАЇНИ","Одесса",14027.8,12906,1121.8,0,0,170,104,59,0,4,22,9,5,4,3,19,16,11,11,"природничі науки",45,14027.8,44,60
"ДЕРЖАВНА НАУКОВА УСТАНОВА ""НАУКОВО-ТЕХНОЛОГІЧНИЙ КОМПЛЕКС ""ІНСТИТУТ МОНОКРИСТАЛІВ"" НАЦІОНАЛЬНОЇ АКАДЕМІЇ НАУК УКРАЇНИ""","Харьков",10756.2,8176.9,59.9,2468.2,51.2,190,83,49,0,9,16,13,11,7,10,6,6,3,2,"природничі науки",34,8236.8,56,27
"ІНСТИТУТ ОРГАНІЧНОЇ ХІМІЇ НАЦІОНАЛЬНОЇ АКАДЕМІЇ НАУК УКРАЇНИ","Киев",22512.4,14731.1,7781.3,0,0,249,159,51,15,23,18,21,8,12,13,12,18,10,9,"природничі науки",108,22512.4,97,62
"ІНСТИТУТ СОРБЦІЇ ТА ПРОБЛЕМ ЕНДОЕКОЛОГІЇ НАЦІОНАЛЬНОЇ АКАДЕМІЇ НАУК УКРАЇНИ","Киев",10619.5,9038.2,1531.3,50,0,150,102,55,0,8,14,5,12,8,2,11,17,15,10,"природничі науки",47,10569.5,47,55
"ІНСТИТУТ ФІЗИКО-ОРГАНІЧНОЇ ХІМІЇ І ВУГЛЕХІМІЇ ІМ. Л.М.ЛИТВИНЕНКА НАЦІОНАЛЬНОЇ АКАДЕМІЇ НАУК УКРАЇНИ","Киев",5332.8,4710.2,622.6,0,0,58,43,20,0,5,6,2,3,3,2,6,9,1,6,"природничі науки",23,5332.8,19,24
"ІНСТИТУТ ХІМІЇ ВИСОКОМОЛЕКУЛЯРНИХ СПОЛУК НАЦІОНАЛЬНОЇ АКАДЕМІЇ НАУК УКРАЇНИ","Киев",18389.3,17331.1,0,0,1058.2,239,152,98,1,12,18,13,4,8,14,21,29,12,20,"природничі науки",54,17331.1,56,96
"ІНСТИТУТ ФІЗИЧНОЇ ХІМІЇ ІМ. Л.В. ПИСАРЖЕВСЬКОГО НАЦІОНАЛЬНОЇ АКАДЕМІЇ НАУК УКРАЇНИ","Киев",14787.5,12324.8,2421.7,0,41,161,82,58,0,18,10,24,2,4,7,7,4,4,2,"природничі науки",24,14746.5,58,24
"МІЖВІДОМЧЕ ВІДДІЛЕННЯ ЕЛЕКТРОХІМІЧНОЇ ЕНЕРГЕТИКИ НАЦІОНАЛЬНОЇ АКАДЕМІЇ НАУК УКРАЇНИ","Киев",2025.4,2025.4,0,0,0,24,16,8,0,4,4,1,0,0,0,2,4,1,0,"природничі науки",8,2025.4,9,7
"ВІДДІЛЕННЯ ФІЗИКО-ХІМІЇ ГОРЮЧИХ КОПАЛИН ІНСТИТУТУ ФІЗИКО-ОРГАНІЧНОЇ ХІМІЇ І ВУГЛЕХІМІЇ ІМ. Л.М. ЛИТВИНЕНКА НАЦІОНАЛЬНОЇ АКАДЕМІЇ НАУК УКРАЇНИ","Львов",3078.6,2790.3,288.3,0,0,49,45,30,4,9,6,3,1,2,6,7,3,2,2,"природничі науки",15,3078.6,25,20
"ІНСТИТУТ БІООРГАНІЧНОЇ ХІМІЇ ТА НАФТОХІМІЇ НАЦІОНАЛЬНОЇ АКАДЕМІЇ НАУК УКРАЇНИ","Киев",24044.9,20768.3,2789.2,0,487.4,270,186,82,6,26,31,15,16,12,11,24,13,17,15,"природничі науки",104,23557.5,106,80
"ІНСТИТУТ БІОКОЛОЇДНОЇ ХІМІЇ ІМЕНІ Ф.Д.ОВЧАРЕНКА НАН УКРАЇНИ","Киев",4452.7,3759.6,693.1,0,0,72,56,31,0,10,9,3,5,0,2,5,7,4,11,"природничі науки",25,4452.7,27,29
"МІЖГАЛУЗЕВИЙ НАУКОВО-ТЕХНОЛОГІЧНИЙ ЦЕНТР ВИДОБУТКУ РУД І ПЕРЕРОБКИ РІДКІСНИХ, БЛАГОРОДНИХ ТА СУПУТНІХ МЕТАЛІВ НАН УКРАЇНИ","Киев",272.9,0,272.9,0,0,3,2,0,0,0,0,0,1,0,1,0,0,0,0,"природничі науки",2,272.9,1,1
"ІНСТИТУТ КОЛОЇДНОЇ ХІМІЇ ТА ХІМІЇ ВОДИ ІМ.А.В.ДУМАНСЬКОГО НАЦІОНАЛЬНОЇ АКАДЕМІЇ НАУК УКРАЇНИ","Киев",16997.8,14277.9,2172.8,0,547.1,253,120,74,2,19,18,9,5,9,5,6,15,12,20,"природничі науки",46,16450.7,62,58
"ІНСТИТУТ ПРИКЛАДНИХ ПРОБЛЕМ ФІЗИКИ І БІОФІЗИКИ НАЦІОНАЛЬНОЇ АКАДЕМІЇ НАУК УКРАЇНИ","Киев",2254.7,1601.1,622.2,0,31.4,58,44,19,3,18,1,0,0,1,0,4,5,6,6,"природничі науки",25,2223.3,23,21
"ІНСТИТУТ ФІЗІОЛОГІЇ ІМ. О.О. БОГОМОЛЬЦЯ НАЦІОНАЛЬНОЇ АКАДЕМІЇ НАУК УКРАЇНИ","Киев",29242.6,27867,1375.6,0,0,345,202,98,1,26,30,28,17,21,22,18,14,10,15,"природничі науки",104,29242.6,123,79
"МІЖНАРОДНИЙ ЦЕНТР МОЛЕКУЛЯРНОЇ ФІЗІОЛОГІЇ НАЦІОНАЛЬНОЇ АКАДЕМІЇ НАУК УКРАЇНИ","Киев",1843.2,1710.3,132.9,0,0,33,15,7,0,0,2,3,2,2,0,2,4,0,0,"природничі науки",8,1843.2,9,6
"ІНСТИТУТ МОЛЕКУЛЯРНОЇ БІОЛОГІЇ І ГЕНЕТИКИ НАЦІОНАЛЬНОЇ АКАДЕМІЇ НАУК УКРАЇНИ","Киев",38049.6,21866.7,5611.3,0,10571.6,387,314,193,0,44,42,36,24,33,32,30,24,28,21,"природничі науки",121,27478,179,135
"ІНСТИТУТ БІОХІМІЇ ІМ. О.В.ПАЛЛАДІНА НАЦІОНАЛЬНОЇ АКАДЕМІЇ НАУК УКРАЇНИ","Киев",25136.8,20328.8,2192.6,1432.5,1182.9,371,238,146,9,21,17,25,23,18,28,29,19,25,24,"природничі науки",92,22521.4,113,125
"ДОНЕЦЬКИЙ БОТАНІЧНИЙ САД НАЦІОНАЛЬНОЇ АКАДЕМІЇ НАУК УКРАЇНИ","Днепр",1253.3,1090.7,162.6,0,0,13,4,4,0,1,0,1,0,0,2,0,0,0,0,"природничі науки",0,1253.3,2,2
"КРИВОРІЗЬКИЙ БОТАНІЧНИЙ САД НАЦІОНАЛЬНОЇ АКАДЕМІЇ НАУК УКРАЇНИ","Днепр",3522.3,2403.2,801.5,0,317.6,71,31,23,0,4,7,4,3,4,3,4,0,1,1,"природничі науки",8,3204.7,22,9
"ДЕРЖАВНИЙ ДЕНДРОЛОГІЧНИЙ ПАРК ""ОЛЕКСАНДРІЯ"" НАН УКРАЇНИ","Киев. Область",5492.2,4659,550.9,0,282.3,86,21,13,4,2,2,2,2,2,1,5,1,0,0,"природничі науки",8,5209.9,14,7
"НАЦІОНАЛЬНИЙ ДЕНДРОЛОГІЧНИЙ ПАРК ""СОФІЇВКА"" НАЦІОНАЛЬНОЇ АКАДЕМІЇ НАУК УКРАЇНИ","Черкассы",20993,5140,15853,0,0,183,39,24,0,3,5,6,12,2,4,1,2,0,4,"природничі науки",15,20993,28,11
"ДЕРЖАВНИЙ ДЕНДРОЛОГІЧНИЙ ПАРК ""ТРОСТЯНЕЦЬ"" НАЦІОНАЛЬНОЇ АКАДЕМІЇ НАУК УКРАЇНИ","Чернигов",2035.9,2035.9,0,0,0,37,7,3,1,0,0,1,0,0,1,0,1,1,2,"природничі науки",4,2035.9,2,5
"ІНСТИТУТ БОТАНІКИ ІМ. М.Г. ХОЛОДНОГО НАЦІОНАЛЬНОЇ АКАДЕМІЇ НАУК УКРАЇНИ","Киев",14713.3,13950.8,762.5,0,0,235,168,116,3,23,16,14,20,9,15,23,14,16,15,"природничі науки",52,14713.3,85,83
"НАЦІОНАЛЬНИЙ БОТАНІЧНИЙ САД ІМЕНІ М. М. ГРИШКА НАЦІОНАЛЬНОЇ АКАДЕМІЇ НАУК УКРАЇНИ","Киев",22195.8,16257.7,3678.1,2260,0,354,234,158,11,19,25,30,27,32,28,20,18,14,10,"природничі науки",76,19935.8,144,90
"ІНСТИТУТ МІКРОБІОЛОГІЇ І ВІРУСОЛОГІЇ ІМ. Д.К. ЗАБОЛОТНОГО НАЦІОНАЛЬНОЇ АКАДЕМІЇ НАУК УКРАЇНИ","Киев",23498.1,19884.3,3613.8,0,0,320,176,133,14,19,18,34,9,8,9,16,14,17,18,"природничі науки",43,23498.1,102,74
"ІНСТИТУТ ЗООЛОГІЇ ІМ.І.І.ШМАЛЬГАУЗЕНА НАЦІОНАЛЬНОЇ АКАДЕМІЇ НАУК УКРАЇНИ","Киев",13498.6,11976.6,1245.3,0,276.7,205,145,75,0,8,21,11,16,15,16,21,18,9,10,"природничі науки",70,13221.9,71,74
"НАЦІОНАЛЬНИЙ НАУКОВО-ПРИРОДНИЧИЙ МУЗЕЙ НАЦІОНАЛЬНОЇ АКАДЕМІЇ НАУК УКРАЇНИ","Киев",7156,5546,920,0,690,108,47,26,0,9,7,3,3,1,7,6,2,7,2,"природничі науки",21,6466,23,24
"ІНСТИТУТ ФІЗІОЛОГІЇ РОСЛИН І ГЕНЕТИКИ НАЦІОНАЛЬНОЇ АКАДЕМІЇ НАУК УКРАЇНИ","Киев",22448.6,17119.9,1795.8,505,3027.9,191,99,71,4,12,16,8,7,6,9,15,10,4,8,"природничі науки",28,18915.7,53,46
"ІНСТИТУТ ПРОБЛЕМ ПРИРОДОКОРИСТУВАННЯ ТА ЕКОЛОГІЇ НАЦІОНАЛЬНОЇ АКАДЕМІЇ НАУК УКРАЇНИ","Днепр",4916.3,4313.3,463.2,139.8,0,90,30,18,0,0,2,2,3,1,4,6,8,2,2,"природничі науки",12,4776.5,8,22
"ДЕРЖАВНИЙ ПРИРОДОЗНАВЧИЙ МУЗЕЙ НАЦІОНАЛЬНОЇ АКАДЕМІЇ НАУК УКРАЇНИ","Львов",6823.7,2051.3,762.3,710.4,3299.7,61,39,17,0,6,5,5,6,3,6,4,2,2,0,"природничі науки",22,2813.6,25,14
"ІНСТИТУТ ЕКОЛОГІЇ КАРПАТ НАЦІОНАЛЬНОЇ АКАДЕМІЇ НАУК УКРАЇНИ","Львов",4529.2,2987.7,533,0,1008.5,65,51,28,1,6,4,9,5,5,5,7,6,2,1,"природничі науки",23,3520.7,30,21
"ПІВНІЧНО-СХІДНИЙ НАУКОВИЙ ЦЕНТР НАН УКРАЇНИ І МІНОСВІТИ І НАУКИ УКРАЇНИ","Харьков",1974.8,0,1974.8,0,0,23,14,4,0,0,2,1,0,0,0,3,5,0,3,"природничі науки",10,1974.8,3,11
"ДЕРЖАВНА УСТАНОВА ""ІНСТИТУТ ГЕОХІМІЇ НАВКОЛИШНЬОГО СЕРЕДОВИЩА НАЦІОНАЛЬНОЇ АКАДЕМІЇ НАУК УКРАЇНИ""","Киев",12026.7,9488.4,2183,49,306.3,178,147,67,7,15,14,10,9,6,14,15,15,17,25,"природничі науки",80,11671.4,61,86
"ДЕРЖАВНА УСТАНОВА ""ІНСТИТУТ ЕВОЛЮЦІЙНОЇ ЕКОЛОГІЇ НАЦІОНАЛЬНОЇ АКАДЕМІЇ НАУК УКРАЇНИ""","Киев",11156.5,9708.7,1447.8,0,0,173,79,30,1,18,14,8,7,8,3,6,9,5,0,"природничі науки",49,11156.5,56,23
"ДЕРЖАВНА УСТАНОВА ""ІНСТИТУТ МОРСЬКОЇ БІОЛОГІЇ НАН УКРАЇНИ""","Одесса",8139.9,6446.6,0,1693.3,0,84,52,26,0,5,8,4,4,1,4,8,9,1,8,"природничі науки",26,6446.6,22,30
"ХЕРСОНСЬКА ГІДРОБІОЛОГІЧНА СТАНЦІЯ НАЦІОНАЛЬНОЇ АКАДЕМІЇ НАУК УКРАЇНИ","Херсон",908.8,718.4,190.4,0,0,19,10,4,1,1,2,1,0,0,0,1,0,4,0,"природничі науки",6,908.8,5,5
"ІНСТИТУТ ГІДРОБІОЛОГІЇ НАЦІОНАЛЬНОЇ АКАДЕМІЇ НАУК УКРАЇНИ","Киев",14666.2,12498.9,2167.3,0,0,231,126,74,1,11,22,7,11,13,14,16,12,12,7,"природничі науки",52,14666.2,65,61
"ІНСТИТУТ ПРОБЛЕМ КРІОБІОЛОГІЇ І КРІОМЕДИЦИНИ НАЦІОНАЛЬНОЇ АКАДЕМІЇ НАУК УКРАЇНИ","Харьков",20707.5,17217.8,2676.2,0,813.5,280,169,107,0,10,18,22,15,15,16,21,15,20,17,"природничі науки",62,19894,80,89
"ІНСТИТУТ БІОЛОГІЇ КЛІТИНИ НАЦІОНАЛЬНОЇ АКАДЕМІЇ НАУК УКРАЇНИ","Львов",7197.9,5388.2,1140.2,518.9,150.6,71,55,35,2,15,5,4,6,4,3,5,5,4,2,"природничі науки",20,6528.4,36,19
"ДЕРЖАВНА УСТАНОВА ""ІНСТИТУТ ХАРЧОВОЇ БІОТЕХНОЛОГІЇ ТА ГЕНОМІКИ НАЦІОНАЛЬНОЇ АКАДЕМІЇ НАУК УКРАЇНИ""","Киев",9066.6,7005.2,2051.4,10,0,89,54,30,0,11,12,6,5,3,2,3,5,3,4,"природничі науки",24,9056.6,37,17
"ДЕРЖАВНА УСТАНОВА ""ВІДДІЛЕННЯ БІОТЕХНІЧНИХ ПРОБЛЕМ ДІАГНОСТИКИ ІНСТИТУТУ ПРОБЛЕМ КРІОБІОЛОГІЇ І КРІОМЕДИЦИНИ НАН УКРАЇНИ""","Киев",1541.3,1326,215.3,0,0,24,13,8,2,1,0,1,2,1,2,2,1,0,1,"природничі науки",5,1541.3,7,6
"ІНСТИТУТ КЛІТИННОЇ БІОЛОГІЇ ТА ГЕНЕТИЧНОЇ ІНЖЕНЕРІЇ НАЦІОНАЛЬНОЇ АКАДЕМІЇ НАУК УКРАЇНИ","Киев",8058.6,6469.1,1236.3,0,353.2,110,61,37,1,10,7,6,8,6,6,7,5,4,1,"природничі науки",24,7705.4,38,23
"ІНСТИТУТ ГЕОЛОГІЧНИХ НАУК НАЦІОНАЛЬНОЇ АКАДЕМІЇ НАУК УКРАЇНИ","Киев",22378.7,17929.8,4397.1,0,51.8,255,200,112,3,8,17,15,10,15,15,14,31,27,45,"природничі науки",88,22326.9,68,132
"ІНСТИТУТ ГЕОХІМІЇ, МІНЕРАЛОГІЇ ТА РУДОУТВОРЕННЯ ІМЕНІ М.П.СЕМЕНЕНКА НАН УКРАЇНИ","Киев",14027.4,11120.2,2907.2,0,0,238,157,67,0,12,11,17,8,17,14,14,21,22,21,"природничі науки",90,14027.4,65,92
"НАУКОВО-ІНЖЕНЕРНИЙ ЦЕНТР РАДІОГІДРОГЕОЕКОЛОГІЧНИХ ПОЛІГОННИХ ДОСЛІДЖЕНЬ ПРИ ПРЕЗИДІЇ НАН УКРАЇНИ","Киев",7894.4,885.2,7009.2,0,0,34,22,11,1,0,0,3,1,2,3,3,4,2,3,"природничі науки",11,7894.4,7,15
"ДЕРЖАВНА НАУКОВА УСТАНОВА ""ВІДДІЛЕННЯ МОРСЬКОЇ ГЕОЛОГІЇ ТА ОСАДОЧНОГО РУДОУТВОРЕННЯ НАЦІОНАЛЬНОЇ АКАДЕМІЇ НАУК УКРАЇНИ""","Киев",4486.4,4325.4,0,0,161,71,28,11,0,2,2,0,3,0,1,1,3,4,12,"природничі науки",17,4325.4,7,21
"ІНСТИТУТ ГЕОЛОГІЇ І ГЕОХІМІЇ ГОРЮЧИХ КОПАЛИН НАЦІОНАЛЬНОЇ АКАДЕМІЇ НАУК УКРАЇНИ","Львов",9093.8,7608.5,1485.3,0,0,222,143,89,0,11,15,19,10,14,12,14,15,15,18,"природничі науки",54,9093.8,69,74
"КАРПАТСЬКЕ ВІДДІЛЕННЯ ІНСТИТУТУ ГЕОФІЗИКИ ІМ.С.І.СУББОТІНА НАЦІОНАЛЬНОЇ АКАДЕМІЇ НАУК УКРАЇНИ","Львов",3276,2448.6,808,0,19.4,56,42,13,0,3,2,3,3,8,5,8,3,3,4,"природничі науки",29,3256.6,19,23
"ВІДДІЛ СЕЙСМІЧНОСТІ КАРПАТСЬКОГО РЕГІОНУ ІНСТИТУТУ ГЕОФІЗИКИ ІМ. С.І. СУББОТІНА НАЦІОНАЛЬНОЇ АКАДЕМІЇ НАУК УКРАЇНИ","Львов",4492.4,3511.5,315.8,665.1,0,86,48,22,0,2,2,4,3,10,8,11,2,2,4,"природничі науки",26,3827.3,21,27
"ІНСТИТУТ ГЕОФІЗИКИ ІМ. С.І.СУББОТІНА НАЦІОНАЛЬНОЇ АКАДЕМІЇ НАУК УКРАЇНИ","Киев",30178.9,24063.1,5507.6,608.2,0,346,203,100,0,8,13,13,19,12,15,22,27,24,50,"природничі науки",103,29570.7,65,138
"ПІВДЕННИЙ НАУКОВИЙ ЦЕНТР НАЦІОНАЛЬНОЇ АКАДЕМІЇ НАУК УКРАЇНИ І МІНОСВІТИ І НАУКИ УКРАЇНИ","Одесса",613.6,0,568.6,0,45,8,5,3,0,0,0,0,3,0,0,0,0,1,1,"природничі науки",2,568.6,3,2
"ІНСТИТУТ ГЕОГРАФІЇ НАЦІОНАЛЬНОЇ АКАДЕМІЇ НАУК УКРАЇНИ","Киев",6125.9,5875.9,250,0,0,88,61,31,1,10,8,12,4,2,1,5,7,5,6,"природничі науки",30,6125.9,37,24
"ЛУГАНСЬКИЙ ПРИРОДНИЙ ЗАПОВІДНИК НАН УКРАЇНИ","Луганск",933.5,783.7,149.8,0,0,27,10,6,0,1,3,1,1,2,1,1,0,0,0,"природничі науки",4,933.5,8,2
"ІНСТИТУТ ЕКСПЕРИМЕНТАЛЬНОЇ ПАТОЛОГІЇ, ОНКОЛОГІЇ І РАДІОБІОЛОГІЇ ІМ.Р.Ї.КАВЕЦЬКОГО НАЦІОНАЛЬНОЇ АКАДЕМІЇ НАУК УКРАЇНИ","Киев",18892.2,14349.7,3621.8,916.5,4.2,247,169,110,20,22,13,6,10,6,20,20,19,11,22,"природничі науки",59,17971.5,77,92
"МІЖНАРОДНИЙ ЦЕНТР АСТРОНОМІЧНИХ ТА МЕДИКО-ЕКОЛОГІЧНИХ ДОСЛІДЖЕНЬ ПРИ ПРЕЗИДІЇ НАН УКРАЇНИ","Киев",5482.8,5482.8,0,0,0,34,25,11,0,0,1,1,3,3,5,2,1,2,7,"природничі науки",14,5482.8,8,17
"ДЕРЖАВНЕ ПІДПРИЇМСТВО ""ДОСЛІДНИЙ ЗАВОД СПЕЦЕЛЕКТРОМЕТАЛУРГІЇ ІНСТИТУТУ ЕЛЕКТРОЗВАРЮВАННЯ ІМ. Ї.О. ПАТОНА НАЦІОНАЛЬНОЇ АКАДЕМІЇ НАУК УКРАЇНИ""","Киев",17938,0,0,17938,0,86,20,10,0,0,1,2,3,2,3,2,3,2,2,"природничі науки",10,0,8,12
"ІНСТИТУТ ПРОБЛЕМ БЕЗПЕКИ АТОМНИХ ЕЛЕКТРОСТАНЦІЙ НАЦІОНАЛЬНОЇ АКАДЕМІЇ НАУК УКРАЇНИ","Киев. Область",40057,0,40057,0,0,320,138,29,0,14,7,10,9,3,15,17,35,15,13,"технічні",109,40057,43,95
"ФІЗИКО-МЕХАНІЧНИЙ ІНСТИТУТ ІМ.Г.В.КАРПЕНКА НАЦІОНАЛЬНОЇ АКАДЕМІЇ НАУК УКРАЇНИ","Львов",25589.2,18396.9,5724.2,1095.9,372.2,419,263,83,3,21,40,21,19,6,18,32,30,44,29,"технічні",180,24121.1,110,153
"ІНСТИТУТ МОНОКРИСТАЛІВ НАЦІОНАЛЬНОЇ АКАДЕМІЇ НАУК УКРАЇНИ","Харьков",16910.3,7099.3,3674.9,5143.1,993,170,73,17,0,1,8,11,9,4,14,7,6,9,4,"технічні",56,10774.2,33,40
"ІНСТИТУТ ПРОБЛЕМ МАТЕРІАЛОЗНАВСТВА ІМ. І. М. ФРАНЦЕВИЧА НАЦІОНАЛЬНОЇ АКАДЕМІЇ НАУК УКРАЇНИ","Киев",73718.5,62499.9,9457.7,0,1760.9,1290,771,435,1,33,74,48,52,49,66,92,91,90,175,"технічні",336,71957.6,257,514
"НАУКОВО-ІНЖЕНЕРНИЙ ЦЕНТР ""МАТЕРІАЛООБРОБКА ВИБУХОМ"" ІНСТИТУТУ ЕЛЕКТРОЗВАРЮВАННЯ ІМ.ПАТОНА НАЦІОНАЛЬНОЇ АКАДЕМІЇ НАУК УКРАЇНИ","Киев. Область",959,0,0,959,0,21,4,0,0,0,0,0,0,0,0,0,3,0,1,"технічні",4,0,0,4
"ІНСТИТУТ ЕЛЕКТРОЗВАРЮВАННЯ ІМ. Ї.О. ПАТОНА НАЦІОНАЛЬНОЇ АКАДЕМІЇ НАУК УКРАЇНИ","Киев",115450.2,85540.8,19575.7,6131.8,4201.9,1386,680,146,12,61,53,55,35,24,64,73,90,95,118,"технічні",534,105116.5,240,440
"ДЕРЖАВНЕ ПІДПРИЇМСТВО ""НАУКОВО-ІНЖЕНЕРНИЙ ЦЕНТР ЗВАРЮВАННЯ ТА КОНТРОЛЮ В ГАЛУЗІ АТОМНОЇ ЕНЕРГЕТИКИ УКРАЇНИ ІНСТИТУТУ ЕЛЕКТРОЗВАРЮВАННЯ ІМ.Ї.О.ПАТОНА НАН УКРАЇНИ""","Киев",3170.1,0,0,360,2810.1,15,12,1,0,3,0,0,0,1,0,0,1,2,5,"технічні",11,0,4,8
"ІНСТИТУТ ПРОБЛЕМ МАШИНОБУДУВАННЯ ІМ.А.М.ПІДГОРНОГО НАЦІОНАЛЬНОЇ АКАДЕМІЇ НАУК УКРАЇНИ","Харьков",18002.5,14987.7,2815.9,198.9,0,295,144,39,0,9,11,11,14,8,16,17,21,17,20,"технічні",105,17803.6,53,91
"ДЕРЖАВНЕ ПІДПРИЇМСТВО ""СПЕЦІАЛЬНЕ КОНСТРУКТОРСЬКО-ТЕХНОЛОГІЧНЕ БЮРО ІНСТИТУТУ ПРОБЛЕМ МІЦНОСТІ ІМ. Г.С. ПИСАРЕНКА НАЦІОНАЛЬНОЇ АКАДЕМІЇ НАУК УКРАЇНИ""","Киев",2702.6,0,0,2702.6,0,43,5,0,0,0,0,0,0,0,0,1,2,2,0,"технічні",5,0,0,5
"ДЕРЖАВНЕ ПІДПРИЇМСТВО ""ДОСЛІДНЕ ВИРОБНИЦТВО ІНСТИТУТУ ПРОБЛЕМ МАШИНОБУДУВАННЯ ІМ. А. М. ПІДГОРНОГО НАЦІОНАЛЬНОЇ АКАДЕМІЇ НАУК УКРАЇНИ""","Харьков",679.1,0,0,679.1,0,21,3,1,0,0,0,0,0,1,0,1,1,0,0,"технічні",2,0,1,2
"""НАУКОВИЙ ЦЕНТР АЕРОКОСМІЧНИХ ДОСЛІДЖЕНЬ ЗЕМЛІ ІНСТИТУТУ ГЕОЛОГІЧНИХ НАУК НАЦІОНАЛЬНОЇ АКАДЕМІЇ НАУК УКРАЇНИ""","Киев",8579.9,6906.9,1673,0,0,88,72,35,3,7,5,5,4,2,8,7,12,8,11,"технічні",37,8579.9,26,46
"ІНСТИТУТ КОСМІЧНИХ ДОСЛІДЖЕНЬ НАЦІОНАЛЬНОЇ АКАДЕМІЇ НАУК УКРАЇНИ ТА ДЕРЖАВНОГО КОСМІЧНОГО АГЕНТСТВА УКРАЇНИ","Киев",10102.3,4922.9,5179.4,0,0,75,45,16,1,8,6,3,2,1,4,4,7,2,7,"технічні",29,10102.3,21,24
"ДЕРЖАВНЕ ПІДПРИЇМСТВО ""ІНЖЕНЕРНИЙ ЦЕНТР ЗВАРЮВАННЯ ТИСКОМ НТК "" ІНСТИТУТ ЕЛЕКТРОЗВАРЮВАННЯ ІМ. Ї.О. ПАТОНА НАН УКРАЇНИ""","Киев",13100,0,0,10447.7,2652.3,35,4,0,0,0,0,0,0,0,0,0,0,1,3,"технічні",4,0,0,4
"ДЕРЖАВНА УСТАНОВА ""ІНСТИТУТ ТЕХНІЧНИХ ПРОБЛЕМ МАГНЕТИЗМУ НАЦІОНАЛЬНОЇ АКАДЕМІЇ НАУК УКРАЇНИ""","Харьков",3066.1,2416.1,520.5,129.5,0,38,17,5,0,2,1,0,2,2,1,3,3,2,1,"технічні",12,2936.6,7,10
"ІНСТИТУТ ЕЛЕКТРОДИНАМІКИ НАЦІОНАЛЬНОЇ АКАДЕМІЇ НАУК УКРАЇНИ","Киев",34756,32429.9,0,2298.5,27.6,437,209,36,0,6,20,9,11,9,21,23,36,34,40,"технічні",173,32429.9,55,154
"ДЕРЖАВНА УСТАНОВА НАЦІОНАЛЬНИЙ АНТАРКТИЧНИЙ НАУКОВИЙ ЦЕНТР","Киев",7658.7,7658.7,0,0,0,34,14,8,0,2,3,1,1,1,1,1,1,2,1,"технічні",6,7658.7,8,6
"ІНСТИТУТ ЧОРНОЇ МЕТАЛУРГІЇ ІМ.З.І.НЕКРАСОВА НАЦІОНАЛЬНОЇ АКАДЕМІЇ НАУК УКРАЇНИ","Днепр",17937,17937,0,0,0,261,142,49,2,18,22,20,7,7,7,14,10,13,22,"технічні",93,17937,76,66
"ДЕРЖАВНЕ МАЛЕ ПІДПРИЇМСТВО ""ГАЗОТЕРМІК""","Львов",568,0,0,568,0,7,1,0,0,0,0,0,0,0,0,0,0,0,1,"технічні",1,0,0,1
"ІНСТИТУТ ІМПУЛЬСНИХ ПРОЦЕСІВ І ТЕХНОЛОГІЙ НАН УКРАЇНИ","Николаев",10539.7,5373.1,1056.4,4110.2,0,163,81,30,1,17,4,7,2,3,3,5,17,15,7,"технічні",51,6429.5,34,47
"""МІЖНАРОДНИЙ ЦЕНТР ЕЛЕКТРОННО-ПРОМЕНЕВИХ ТЕХНОЛОГІЙ ІНСТИТУТУ ЕЛЕКТРОЗВАРЮВАННЯ ІМ. Є.О. ПАТОНА НАЦІОНАЛЬНОЇ АКАДЕМІЇ НАУК УКРАЇНИ""","Киев",21891.5,0,0,20887.2,1004.3,28,15,2,3,0,2,1,0,1,2,3,0,2,1,"технічні",13,0,7,8
"ІНСТИТУТ НАДТВЕРДИХ МАТЕРІАЛІВ ІМ. В.М. БАКУЛЯ НАЦІОНАЛЬНОЇ АКАДЕМІЇ НАУК УКРАЇНИ","Киев",33266,21731.7,5718.1,5743.7,72.5,385,196,51,0,11,31,19,5,10,7,29,41,24,19,"технічні",145,27449.8,76,120
"ДЕРЖАВНЕ НАУКОВО-ВИРОБНИЧЕ ПІДПРИЇМСТВО ""АЛКОН-ТВЕРДОСПЛАВ"" НАУКОВО-ТЕХНОЛОГІЧНОГО АЛМАЗНОГО КОНЦЕРНУ ""АЛКОН"" НАЦІОНАЛЬНОЇ АКАДЕМІЇ НАУК УКРАЇНИ","Киев",2152.6,0,0,2152.6,0,24,1,0,0,0,0,0,0,0,0,0,0,1,0,"технічні",1,0,0,1
"ДЕРЖАВНЕ СПЕЦІАЛЬНЕ КОНСТРУКТОРСЬКО-ТЕХНОЛОГІЧНЕ БЮРО ФІЗИЧНОГО ПРИЛАДОБУДУВАННЯ З ДОСЛІДНИМ ВИРОБНИЦТВОМ ІНСТИТУТУ ФІЗИКИ НАЦІОНАЛЬНОЇ АКАДЕМІЇ НАУК УКРАЇНИ","Киев",367.6,0,0,112.7,254.9,7,5,2,0,0,0,0,0,2,2,0,1,0,0,"технічні",3,0,2,3
"НАУКОВО-ТЕХНІЧНИЙ ЦЕНТР ПАНОРАМНИХ АКУСТИЧНИХ СИСТЕМ НАЦІОНАЛЬНОЇ АКАДЕМІЇ НАУК УКРАЇНИ","Запорожье",1858,1079.9,778.1,0,0,39,28,13,1,4,5,4,1,0,4,1,2,2,4,"технічні",15,1858,15,13
"ЛЬВІВСЬКИЙ ЦЕНТР ІНСТИТУТУ КОСМІЧНИХ ДОСЛІДЖЕНЬ НАЦІОНАЛЬНОЇ АКАДЕМІЇ НАУК УКРАЇНИ ТА НАЦІОНАЛЬНОГО КОСМІЧНОГО АГЕНТСТВА УКРАЇНИ","Львов",1382,410,972,0,0,73,26,3,0,0,1,0,5,0,1,1,4,9,5,"технічні",23,1382,6,20
"ІНСТИТУТ СЦИНТИЛЯЦІЙНИХ МАТЕРІАЛІВ НАЦІОНАЛЬНОЇ АКАДЕМІЇ НАУК УКРАЇНИ","Харьков",28776.1,7217.9,2199.7,19217.9,140.6,312,124,48,3,12,15,23,5,18,11,10,9,12,6,"технічні",76,9417.6,76,48
"ДЕРЖАВНЕ ПІДПРИЇМСТВО ""НАУКОВО-ТЕХНІЧНИЙ ЦЕНТР НОВІТНІХ ТЕХНОЛОГІЙ НАЦІОНАЛЬНОЇ АКАДЕМІЇ НАУК УКРАЇНИ""","Киев",81.7,0,0,81.7,0,1,1,0,0,0,0,1,0,0,0,0,0,0,0,"технічні",1,0,1,0
"СПЕЦІАЛЬНЕ КОНСТРУКТОРСЬКО-ТЕХНОЛОГІЧНЕ БЮРО ІНСТИТУТУ ТЕХНІЧНОЇ МЕХАНІКИ НАЦІОНАЛЬНОЇ АКАДЕМІЇ НАУК УКРАЇНИ","Днепр",97.9,0,0,97.9,0,1,1,0,0,0,0,0,0,0,0,0,0,0,1,"технічні",1,0,0,1
"ІНСТИТУТ ПРОБЛЕМ РЕЇСТРАЦІЇ ІНФОРМАЦІЇ НАЦІОНАЛЬНОЇ АКАДЕМІЇ НАУК УКРАЇНИ","Киев",16381.4,9677.6,6471.9,115.6,116.3,169,77,27,0,5,1,3,7,8,9,8,11,17,8,"технічні",50,16149.5,24,53
"ДЕРЖАВНЕ ПІДПРИЇМСТВО ""НАУКОВО-ДОСЛІДНИЙ ІНСТИТУТ МІКРОПРИЛАДІВ"" НТК ""ІНСТИТУТ МОНОКРИСТАЛІВ"" НАЦІОНАЛЬНОЇ АКАДЕМІЇ НАУК УКРАЇНИ","Киев",310.8,0,0,293.7,17.1,60,24,4,0,0,3,1,0,0,0,1,7,4,8,"технічні",20,0,4,20
"ІНСТИТУТ ЗАГАЛЬНОЇ ЕНЕРГЕТИКИ НАЦІОНАЛЬНОЇ АКАДЕМІЇ НАУК УКРАЇНИ","Киев",6845.6,5298.9,1546.7,0,0,93,54,23,0,3,5,1,0,4,13,5,3,8,12,"технічні",31,6845.6,13,41
"ВІДДІЛЕННЯ ГІБРИДНИХ МОДЕЛЮЮЧИХ ТА КЕРУЮЧИХ СИСТЕМ В ЕНЕРГЕТИЦІ ІНСТИТУТУ ПРОБЛЕМ МОДЕЛЮВАННЯ В ЕНЕРГЕТИЦІ ІМ. Г.Ї. ПУХОВА НАЦІОНАЛЬНОЇ АКАДЕМІЇ НАУК УКРАЇНИ","Киев",1182,1020.3,161.7,0,0,17,10,6,0,0,1,3,0,0,1,2,0,0,3,"технічні",4,1182,4,6
"ІНСТИТУТ ВУГІЛЬНИХ ЕНЕРГОТЕХНОЛОГІЙ НАЦІОНАЛЬНОЇ АКАДЕМІЇ НАУК УКРАЇНИ","Киев",9056.9,5260.3,1199,2597.6,0,80,48,14,0,2,5,2,2,4,3,8,4,9,9,"технічні",34,6459.3,15,33
"ІНСТИТУТ ГАЗУ НАЦІОНАЛЬНОЇ АКАДЕМІЇ НАУК УКРАЇНИ","Киев",16550.2,10639.8,3155.9,2754.5,0,233,105,15,0,11,8,10,7,3,3,11,12,7,33,"технічні",90,13795.7,39,66
"ІНСТИТУТ ТЕХНІЧНОЇ ТЕПЛОФІЗИКИ НАЦІОНАЛЬНОЇ АКАДЕМІЇ НАУК УКРАЇНИ","Киев",28698.2,20766.8,4753.3,3178.1,0,419,291,121,7,38,37,21,14,17,29,31,35,29,33,"технічні",170,25520.1,134,157
"ІНСТИТУТ ВІДНОВЛЮВАНОЇ ЕНЕРГЕТИКИ НАЦІОНАЛЬНОЇ АКАДЕМІЇ НАУК УКРАЇНИ","Киев",15012,11530.1,2646.2,0,835.7,146,80,30,4,13,6,8,4,2,9,5,9,14,6,"технічні",50,14176.3,37,43
"ІНСТИТУТ ГЕОТЕХНІЧНОЇ МЕХАНІКИ ІМ.М.С.ПОЛЯКОВА НАЦІОНАЛЬНОЇ АКАДЕМІЇ НАУК УКРАЇНИ","Днепр",22620.4,17667.7,1997.3,2955.4,0,351,219,99,5,17,14,19,13,11,12,33,28,32,35,"технічні",120,19665,79,140
"ДЕРЖАВНЕ ПІДПРИЇМСТВО ""СПЕЦІАЛЬНЕ КОНСТРУКТОРСЬКО-ТЕХНОЛОГІЧНЕ БЮРО ІНСТИТУТУ ГЕОТЕХНІЧНОЇ МЕХАНІКИ ІМ. М.С.ПОЛЯКОВА НАЦІОНАЛЬНОЇ АКАДЕМІЇ НАУК УКРАЇНИ""","Днепр",2644,0,2644,0,0,31,1,0,0,0,0,0,0,0,0,0,0,1,0,"технічні",1,2644,0,1
"ІНСТИТУТ ФІЗИКИ ГІРНИЧИХ ПРОЦЕСІВ НАЦІОНАЛЬНОЇ АКАДЕМІЇ НАУК УКРАЇНИ","Днепр",3193.6,2811.1,382.5,0,0,27,17,7,0,1,1,1,2,0,1,0,5,4,2,"технічні",10,3193.6,5,12
"ІНСТИТУТ ЯДЕРНИХ ДОСЛІДЖЕНЬ НАЦІОНАЛЬНОЇ АКАДЕМІЇ НАУК УКРАЇНИ","Киев",59120.2,52039,6714.6,0,366.6,623,443,146,18,34,39,25,32,28,36,51,47,52,81,"технічні",297,58753.6,176,267
"НАУКОВО-ТЕХНІЧНА УСТАНОВА ""ІНСТИТУТ ХІМІЧНОЇ ТЕХНОЛОГІЇ ТА ПРОМИСЛОВОЇ ЕКОЛОГІЇ""","Запорожье",244.1,0,29,0,215.1,2,2,2,0,0,0,0,1,0,1,0,0,0,0,"технічні",0,29,1,1
"ДЕРЖАВНЕ ПІДПРИЇМСТВО ""СПЕЦІАЛЬНЕ КОНСТРУКТОРСЬКО-ТЕХНОЛОГІЧНЕ БЮРО З ДОСЛІДНИМ ВИРОБНИЦТВОМ ФІЗИКО-ХІМІЧНОГО ІНСТИТУТУ ІМ. О.В. БОГАТСЬКОГО НАЦІОНАЛЬНОЇ АКАДЕМІЇ НАУК УКРАЇНИ""","Одесса",2959.9,0,0,1835.7,1124.2,22,3,2,0,0,0,1,0,0,0,0,0,2,0,"технічні",1,0,1,2
"ІНСТИТУТ ТРАНСПОРТНИХ СИСТЕМ І ТЕХНОЛОГІЙ НАЦІОНАЛЬНОЇ АКАДЕМІЇ НАУК УКРАЇНИ","Днепр",7285.9,6124.5,1081.5,0,79.9,103,81,29,2,9,14,4,3,7,4,3,9,11,15,"технічні",52,7206,39,42
"ІНСТИТУТ УКРАЇНОЗНАВСТВА ІМ. І.КРИП'ЯКЕВИЧА НАЦІОНАЛЬНОЇ АКАДЕМІЇ НАУК УКРАЇНИ","Львов",4676.7,4676.7,0,0,0,100,69,27,0,10,13,8,6,6,6,8,3,4,5,"гуманітарні",42,4676.7,43,26
"ІНСТИТУТ ІСТОРІЇ УКРАЇНИ НАЦІОНАЛЬНОЇ АКАДЕМІЇ НАУК УКРАЇНИ","Киев",16087.1,15746.1,341,0,0,209,149,68,0,7,20,19,19,23,17,15,17,7,5,"гуманітарні",81,16087.1,88,61
"ІНСТИТУТ СХОДОЗНАВСТВА ІМ. А.Ю. КРИМСЬКОГО НАЦІОНАЛЬНІЇ АКАДЕМІЇ НАУК УКРАЇНИ","Киев",3559.9,3452.1,55.7,0,52.1,48,29,13,0,3,3,4,7,5,5,0,1,0,1,"гуманітарні",16,3507.8,22,7
"ЦЕНТР ПАМ'ЯТКОЗНАВСТВА НАЦІОНАЛЬНОЇ АКАДЕМІЇ НАУК УКРАЇНИ І УКРАІНСЬКОГО ТОВАРИСТВА ОХОРОНИ ПАМ'ЯТОК ІСТОРІЇ ТА КУЛЬТУРИ","Киев",733,559.6,173.4,0,0,12,9,5,0,1,1,1,0,0,3,0,2,0,1,"гуманітарні",4,733,3,6
"ОДЕСЬКИЙ АРХЕОЛОГІЧНИЙ МУЗЕЙ НАЦІОНАЛЬНОЇ АКАДЕМІЇ НАУК УКРАЇНИ","Одесса",1556.6,1371.1,185.5,0,0,54,14,8,0,0,1,0,0,1,2,4,4,1,1,"гуманітарні",6,1556.6,2,12
"ДОЧІРНЇ ПІДПРИЇМСТВО  ""КУЛЬТУРНА СПАДЩИНА ПРИКАРПАТТЯ"" ДЕРЖАВНОГО ПІДПРИЇМСТВА ""НАУКОВО-ДОСЛІДНИЙ ЦЕНТР ""ОХОРОННА АРХЕОЛОГІЧНА СЛУЖБА УКРАЇНИ"" ІНСТИТУТУ АРХЕОЛОГІЇ НАН УКРА","Ивано-Франковск",106.5,0,106.5,0,0,2,1,0,0,0,0,0,0,0,0,1,0,0,0,"гуманітарні",1,106.5,0,1
"НАУКОВО-ДОСЛІДНИЙ ЦЕНТР ""РЯТІВНА АРХЕОЛОГІЧНА СЛУЖБА"" ІНСТИТУТУ АРХЕОЛОГІЇ НАЦІОНАЛЬНОЇ АКАДЕМІЇ НАУК УКРАЇНИ","Львов",1905.6,0,882.1,690.6,332.9,16,12,1,0,6,0,3,3,0,0,0,0,0,0,"гуманітарні",11,882.1,12,0
"НАЦІОНАЛЬНИЙ ІСТОРИКО-АРХЕОЛОГІЧНИЙ ЗАПОВІДНИК ""ОЛЬВІЯ"" НАН УКРАЇНИ","Николаев",833.3,695.4,137.9,0,0,25,2,1,0,0,1,0,0,0,0,0,1,0,0,"гуманітарні",1,833.3,1,1
"ДОЧІРНЇ ПІДПРИЇМСТВО ""СЛОБІДСЬКА АРХЕОЛОГІЧНА СЛУЖБА"" ДЕРЖАВНОГО ПІДПРИЇМСТВА ""НАУКОВО-ДОСЛІДНИЙ ЦЕНТР ""ОХОРОННА АРХЕОЛОГІЧНА СЛУЖБА УКРАЇНИ"" ІНСТИТУТУ АРХЕОЛОГІЇ НАН УКРА","Харьков",534,534,0,0,0,2,2,2,0,0,2,0,0,0,0,0,0,0,0,"гуманітарні",0,534,2,0
"ІНСТИТУТ АРХЕОЛОГІЇ НАЦІОНАЛЬНОЇ АКАДЕМІЇ НАУК УКРАЇНИ","Киев",17055.7,15245.1,1810.6,0,0,216,139,54,0,11,20,17,15,13,15,16,12,15,5,"гуманітарні",85,17055.7,76,63
"ІНСТИТУТ НАРОДОЗНАВСТВА НАЦІОНАЛЬНОЇ АКАДЕМІЇ НАУК УКРАЇНИ","Львов",10056,8930.5,1125.5,0,0,171,85,56,0,11,8,10,14,10,11,5,4,7,5,"гуманітарні",29,10056,53,32
"ВІДДІЛЕННЯ КЕРАМОЛОГІЇ ІНСТИТУТУ НАРОДОЗНАВСТВА НАЦІОНАЛЬНОЇ АКАДЕМІЇ НАУК УКРАЇНИ","Полтава",672.2,672.2,0,0,0,3,3,0,0,0,1,0,0,1,0,1,0,0,0,"гуманітарні",3,672.2,2,1
"ІНСТИТУТ УКРАІНСЬКОЇ АРХЕОГРАФІЇ ТА ДЖЕРЕЛОЗНАВСТВА ІМ.М.С.ГРУШЕВСЬКОГО НАН УКРАЇНИ","Киев",6538.1,6144.6,393.5,0,0,115,77,38,0,5,12,11,10,11,10,6,5,6,1,"гуманітарні",39,6538.1,49,28
"ЛЬВІВСЬКА НАЦІОНАЛЬНА НАУКОВА БІБЛІОТЕКА УКРАЇНИ ІМЕНІ В.СТЕФАНИКА","Львов",5791.1,0,5791.1,0,0,80,77,59,0,4,9,9,8,8,11,12,5,6,5,"гуманітарні",18,5791.1,38,39
"НАЦІОНАЛЬНА БІБЛІОТЕКА УКРАЇНИ ІМЕНІ В.І.ВЕРНАДСЬКОГО","Киев",39350.5,0,600,38750.5,0,896,525,415,3,50,53,63,70,69,62,60,48,33,14,"гуманітарні",110,600,308,217
"ДЕРЖАВНА УСТАНОВА ""ІНСТИТУТ ІВАНА ФРАНКА НАЦІОНАЛЬНОЇ АКАДЕМІЇ НАУК УКРАЇНИ""","Львов",1738.5,1515.5,223,0,0,31,23,15,0,5,3,7,0,3,3,2,0,0,0,"гуманітарні",8,1738.5,18,5
"ІНСТИТУТ ЛІТЕРАТУРИ ІМ. Т.Г.ШЕВЧЕНКА НАЦІОНАЛЬНОЇ АКАДЕМІЇ НАУК УКРАЇНИ","Киев",10366.8,10366.8,0,0,0,113,88,59,0,10,6,12,16,10,6,4,9,10,5,"гуманітарні",29,10366.8,54,34
"ІНСТИТУТ МОВОЗНАВСТВА ІМ. О.О.ПОТЕБНІ НАЦІОНАЛЬНОЇ АКАДЕМІЇ НАУК УКРАЇНИ","Киев",4162,3771.7,390.3,0,0,52,40,25,0,2,4,2,4,5,2,5,4,5,7,"гуманітарні",15,4162,17,23
"ІНСТИТУТ УКРАІНСЬКОЇ МОВИ НАЦІОНАЛЬНОЇ АКАДЕМІЇ НАУК УКРАЇНИ","Киев",5846,5215.3,630.7,0,0,82,65,57,0,5,9,8,10,13,3,6,3,4,4,"гуманітарні",8,5846,45,20
"ЦЕНТР НАУКОВИХ ДОСЛІДЖЕНЬ ТА ВИКЛАДАННЯ ІНОЗЕМНИХ МОВ НАЦІОНАЛЬНОЇ АКАДЕМІЇ НАУК УКРАЇНИ","Киев",1957.5,0,1957.5,0,0,7,6,5,0,1,0,1,1,0,0,1,2,0,0,"гуманітарні",1,1957.5,3,3
"УКРАІНСЬКИЙ МОВНО-ІНФОРМАЦІЙНИЙ ФОНД НАЦІОНАЛЬНОЇ АКАДЕМІЇ НАУК УКРАЇНИ","Киев",4630.7,2451,2179.7,0,0,38,36,25,1,4,4,3,5,1,2,4,4,4,4,"гуманітарні",11,4630.7,18,18
"ІНСТИТУТ МИСТЕЦТВОЗНАВСТВА, ФОЛЬКЛОРИСТИКИ ТА ЕТНОЛОГІЇ ІМ. М. Т. РИЛЬСЬКОГО НАН УКРАЇНИ","Киев",11203.1,11203.1,0,0,0,143,117,95,0,13,14,7,13,12,9,17,12,8,12,"гуманітарні",22,11203.1,59,58
"ІНСТИТУТ ДЕМОГРАФІЇ ТА СОЦІАЛЬНИХ ДОСЛІДЖЕНЬ ІМЕНІ М.В. ПТУХИ НАЦІОНАЛЬНОЇ АКАДЕМІЇ НАУК УКРАЇНИ","Киев",11811.3,9850.9,1700.1,0,260.3,122,96,73,4,15,14,18,14,10,5,9,2,2,3,"соціальні",23,11551,75,21
"ІНСТИТУТ СОЦІОЛОГІЇ НАЦІОНАЛЬНОЇ АКАДЕМІЇ НАУК УКРАЇНИ","Киев",8792.3,8253.9,538.4,0,0,106,67,39,0,2,3,2,7,5,9,10,13,8,8,"соціальні",28,8792.3,19,48
"ДЕРЖАВНА УСТАНОВА ""ІНСТИТУТ ВСЕСВІТНЬОЇ ІСТОРІЇ НАЦІОНАЛЬНОЇ АКАДЕМІЇ НАУК УКРАЇНИ""","Киев",7189.1,7189.1,0,0,0,57,43,21,1,1,7,7,5,1,5,3,3,6,4,"соціальні",22,7189.1,22,21
"ІНСТИТУТ ПОЛІТИЧНИХ І ЕТНОНАЦІОНАЛЬНИХ ДОСЛІДЖЕНЬ ІМ. І.Ф. КУРАСА НАН УКРАЇНИ","Киев",8733.8,8313.8,420,0,0,92,55,18,0,1,4,6,9,9,4,12,2,2,6,"соціальні",37,8733.8,29,26
"ІНСТИТУТ ФІЛОСОФІЇ ІМЕНІ Г.С.СКОВОРОДИ НАЦІОНАЛЬНОЇ АКАДЕМІЇ НАУК УКРАЇНИ","Киев",9603.2,9403.2,200,0,0,127,97,44,0,3,5,6,9,15,11,15,11,9,13,"соціальні",53,9603.2,38,59
"""ІНСТИТУТ ЕНЦИКЛОПЕДИЧНИХ ДОСЛІДЖЕНЬ НАЦІОНАЛЬНОЇ АКАДЕМІЇ НАУК УКРАЇНИ""","Киев",3827.8,1676.8,2151,0,0,27,12,5,0,1,4,4,0,1,0,1,0,0,1,"соціальні",7,3827.8,10,2
"ЗАКАРПАТСЬКИЙ РЕГІОНАЛЬНИЙ ЦЕНТР СОЦІАЛЬНО-ЕКОНОМІЧНИХ І ГУМАНІТАРНИХ ДОСЛІДЖЕНЬ НАН УКРАЇНИ","Закарпатье",893.3,893.3,0,0,0,8,6,4,0,2,2,0,1,0,0,1,0,0,0,"соціальні",2,893.3,5,1
"ПРИДНІПРОВСЬКИЙ НАУКОВИЙ ЦЕНТР НАЦІОНАЛЬНОЇ АКАДЕМІЇ НАУК УКРАЇНИ І МІНІСТЕРСТВА ОСВІТИ І НАУКИ УКРАЇНИ","Днепр",702.1,0,702.1,0,0,8,5,2,0,2,0,1,0,0,0,1,1,0,0,"соціальні",3,702.1,3,2
"ДОНЕЦЬКИЙ НАУКОВИЙ ЦЕНТР НАЦІОНАЛЬНОЇ АКАДЕМІЇ НАУК УКРАЇНИ І МІНІСТЕРСТВА ОСВІТИ І НАУКИ УКРАЇНИ","Донецк (эвакуант)",470.5,0,260.1,0,210.4,5,3,1,0,0,0,0,0,1,1,0,1,0,0,"соціальні",2,260.1,1,2
"ЗАХІДНИЙ НАУКОВИЙ ЦЕНТР НАЦІОНАЛЬНОЇ АКАДЕМІЇ НАУК УКРАЇНИ І МІНІСТЕРСТВА ОСВІТИ І НАУКИ УКРАЇНИ","Львов",918.2,0,918.2,0,0,14,8,4,0,0,0,0,4,1,0,1,1,1,0,"соціальні",4,918.2,5,3
"ІНСТИТУТ ПРОБЛЕМ РИНКУ ТА ЕКОНОМІКО - ЕКОЛОГІЧНИХ ДОСЛІДЖЕНЬ НАЦІОНАЛЬНОЇ АКАДЕМІЇ НАУК УКРАЇНИ","Одесса",7100.8,5016,1130.1,808.9,145.8,96,68,47,3,9,10,7,4,2,6,13,6,4,4,"соціальні",21,6146.1,35,33
"ДЕРЖАВНА УСТАНОВА ""ІННОВАЦІЙНИЙ ЦЕНТР НАЦІОНАЛЬНОЇ АКАДЕМІЇ НАУК УКРАЇНИ""","Киев",2546.1,0,2546.1,0,0,8,6,2,0,0,0,0,0,0,0,0,0,3,3,"соціальні",4,2546.1,0,6
"ЦЕНТР ДОСЛІДЖЕНЬ НАУКОВО-ТЕХНІЧНОГО ПОТЕНЦІАЛУ ТА ІСТОРІЇ НАУКИ ІМ. Г.М.ДОБРОВА НАН УКРАЇНИ","Киев",6124.8,2677,3447.8,0,0,62,53,29,0,6,4,3,3,4,7,1,5,7,13,"соціальні",24,6124.8,20,33
"НАУКОВО-ДОСЛІДНИЙ ЦЕНТР ІНДУСТРІАЛЬНИХ ПРОБЛЕМ РОЗВИТКУ НАЦІОНАЛЬНОЇ АКАДЕМІЇ НАУК УКРАЇНИ","Харьков",3075.4,2316.1,453.8,0,305.5,36,26,17,0,1,6,4,3,4,1,2,3,1,1,"соціальні",9,2769.9,18,8
"ДЕРЖАВНА УСТАНОВА ""ІНСТИТУТ ЕКОНОМІКИ ТА ПРОГНОЗУВАННЯ НАЦІОНАЛЬНОЇ АКАДЕМІЇ НАУК УКРАЇНИ""","Киев",32750.8,27174.4,5576.4,0,0,275,224,157,4,22,27,42,32,18,22,18,16,10,13,"соціальні",67,32750.8,145,79
"ІНСТИТУТ РЕГІОНАЛЬНИХ ДОСЛІДЖЕНЬ НАЦІОНАЛЬНОЇ АКАДЕМІЇ НАУК УКРАЇНИ","Львов",6579.2,5003.2,1576,0,0,109,72,48,1,17,17,10,7,6,6,3,3,1,1,"соціальні",24,6579.2,58,14
"ДЕРЖАВНА УСТАНОВА ""ІНСТИТУТ ЕКОНОМІКИ ПРИРОДОКОРИСТУВАННЯ ТА СТАЛОГО РОЗВИТКУ НАЦІОНАЛЬНОЇ АКАДЕМІЇ НАУК УКРАЇНИ""","Киев",7978.2,5183.1,2795.1,0,0,84,57,36,0,8,5,15,7,7,2,3,5,1,4,"соціальні",21,7978.2,42,15
"ІНСТИТУТ ДЕРЖАВИ І ПРАВА ІМ. В.М.КОРЕЦЬКОГО НАЦІОНАЛЬНОЇ АКАДЕМІЇ НАУК УКРАЇНИ","Киев",8345.9,7440.4,640,0,265.5,110,87,45,0,5,15,18,10,4,5,8,10,4,8,"соціальні",42,8080.4,52,35
